{"cameraMode":{"drawMode":0,"name":"Shaded","section":"Shading Mode"},"sceneLighting":true,"audioPlay":false,"sceneViewState":{"m_AlwaysRefresh":false,"showFog":true,"showSkybox":true,"showFlares":true,"showImageEffects":true,"showParticleSystems":true,"showVisualEffectGraphs":true,"m_FxEnabled":true},"in2DMode":false,"pivot":{"x":1.8172203302383423,"y":16.84079360961914,"z":55.98723602294922},"rotation":{"x":0.08031009882688523,"y":0.005980673246085644,"z":-0.00048186955973505974,"w":0.996753990650177},"size":50.064598083496097,"orthographic":false}