{"cameraMode":{"drawMode":0,"name":"Shaded","section":"Shading Mode"},"sceneLighting":true,"audioPlay":false,"sceneViewState":{"m_AlwaysRefresh":false,"showFog":true,"showSkybox":false,"showFlares":true,"showImageEffects":true,"showParticleSystems":true,"showVisualEffectGraphs":true,"m_FxEnabled":true},"in2DMode":false,"pivot":{"x":-44.880001068115237,"y":6.400000095367432,"z":-16.719999313354493},"rotation":{"x":-0.20844367146492005,"y":0.014661350287497044,"z":-0.0030813023913651706,"w":-0.9779462814331055},"size":7.105631351470947,"orthographic":false}