{"cameraMode":{"drawMode":0,"name":"Shaded","section":"Shading Mode"},"sceneLighting":true,"audioPlay":false,"sceneViewState":{"m_AlwaysRefresh":false,"showFog":true,"showSkybox":false,"showFlares":true,"showImageEffects":true,"showParticleSystems":true,"showVisualEffectGraphs":true,"m_FxEnabled":true},"in2DMode":false,"pivot":{"x":-43.169803619384769,"y":3.955994129180908,"z":-17.760610580444337},"rotation":{"x":-0.20844367146492005,"y":0.014661350287497044,"z":-0.0030813023913651706,"w":-0.9779462814331055},"size":8.854909896850586,"orthographic":false}