{"cameraMode":{"drawMode":0,"name":"Shaded","section":"Shading Mode"},"sceneLighting":true,"audioPlay":false,"sceneViewState":{"m_AlwaysRefresh":false,"showFog":true,"showSkybox":false,"showFlares":true,"showImageEffects":true,"showParticleSystems":true,"showVisualEffectGraphs":true,"m_FxEnabled":true},"in2DMode":false,"pivot":{"x":-41.764564514160159,"y":0.21161925792694093,"z":-12.794685363769532},"rotation":{"x":-0.27360665798187258,"y":-0.3276014029979706,"z":0.0997631698846817,"w":-0.8988432288169861},"size":6.2320637702941898,"orthographic":false}