{"cameraMode":{"drawMode":0,"name":"Shaded","section":"Shading Mode"},"sceneLighting":false,"audioPlay":false,"sceneViewState":{"m_AlwaysRefresh":false,"showFog":true,"showSkybox":false,"showFlares":true,"showImageEffects":true,"showParticleSystems":true,"showVisualEffectGraphs":true,"m_FxEnabled":true},"in2DMode":false,"pivot":{"x":2.54154896736145,"y":9.375288009643555,"z":7.280974388122559},"rotation":{"x":-0.32433634996414187,"y":-0.0008539297850802541,"z":0.0002927167806774378,"w":-0.9459428191184998},"size":24.897743225097658,"orthographic":false}