{"cameraMode":{"drawMode":0,"name":"Shaded","section":"Shading Mode"},"sceneLighting":false,"audioPlay":false,"sceneViewState":{"m_AlwaysRefresh":false,"showFog":true,"showSkybox":false,"showFlares":true,"showImageEffects":true,"showParticleSystems":true,"showVisualEffectGraphs":true,"m_FxEnabled":true},"in2DMode":false,"pivot":{"x":1.1539015769958497,"y":0.8789272308349609,"z":-0.026306360960006715},"rotation":{"x":0.20728686451911927,"y":0.07329301536083222,"z":-0.015575726516544819,"w":0.9754065871238709},"size":8.513731956481934,"orthographic":false}