{"cameraMode":{"drawMode":0,"name":"Shaded","section":"Shading Mode"},"sceneLighting":false,"audioPlay":false,"sceneViewState":{"m_AlwaysRefresh":false,"showFog":true,"showSkybox":false,"showFlares":true,"showImageEffects":true,"showParticleSystems":true,"showVisualEffectGraphs":true,"m_FxEnabled":true},"in2DMode":false,"pivot":{"x":-0.055047690868377689,"y":0.1095765233039856,"z":0.03630244731903076},"rotation":{"x":-0.40060916543006899,"y":0.0357201062142849,"z":-0.015587150119245053,"w":-0.9154489040374756},"size":0.9621984958648682,"orthographic":false}