{"cameraMode":{"drawMode":0,"name":"Shaded","section":"Shading Mode"},"sceneLighting":false,"audioPlay":false,"sceneViewState":{"m_AlwaysRefresh":false,"showFog":true,"showSkybox":false,"showFlares":true,"showImageEffects":true,"showParticleSystems":true,"showVisualEffectGraphs":true,"m_FxEnabled":true},"in2DMode":false,"pivot":{"x":0.07258081436157227,"y":4.194296836853027,"z":1.2658014297485352},"rotation":{"x":0.041775092482566836,"y":0.22582194209098817,"z":-0.009693259373307228,"w":0.9732248783111572},"size":8.698183059692383,"orthographic":false}