{"cameraMode":{"drawMode":0,"name":"Shaded","section":"Shading Mode"},"sceneLighting":false,"audioPlay":false,"sceneViewState":{"m_AlwaysRefresh":false,"showFog":true,"showSkybox":false,"showFlares":true,"showImageEffects":true,"showParticleSystems":true,"showVisualEffectGraphs":true,"m_FxEnabled":true},"in2DMode":false,"pivot":{"x":-0.030962221324443818,"y":-5.5824127197265629,"z":8.162006378173829},"rotation":{"x":-0.32433634996414187,"y":-0.0008539297850802541,"z":0.0002927167806774378,"w":-0.9459428191184998},"size":9.523759841918946,"orthographic":false}