{"cameraMode":{"drawMode":0,"name":"Shaded","section":"Shading Mode"},"sceneLighting":false,"audioPlay":false,"sceneViewState":{"m_AlwaysRefresh":false,"showFog":true,"showSkybox":false,"showFlares":true,"showImageEffects":true,"showParticleSystems":true,"showVisualEffectGraphs":true,"m_FxEnabled":true},"in2DMode":false,"pivot":{"x":-39.20000076293945,"y":1.5437527894973755,"z":-5.289999961853027},"rotation":{"x":-0.25659647583961489,"y":-0.0026133323553949596,"z":0.0006937647121958435,"w":-0.9665150046348572},"size":3.03700852394104,"orthographic":false}