{"cameraMode":{"drawMode":0,"name":"Shaded","section":"Shading Mode"},"sceneLighting":true,"audioPlay":false,"sceneViewState":{"m_AlwaysRefresh":false,"showFog":true,"showSkybox":true,"showFlares":true,"showImageEffects":true,"showParticleSystems":true,"showVisualEffectGraphs":true,"m_FxEnabled":true},"in2DMode":false,"pivot":{"x":2.946931838989258,"y":15.07708740234375,"z":-17.890933990478517},"rotation":{"x":-0.3120897710323334,"y":-0.006263635121285915,"z":0.0020572119392454626,"w":-0.9500324726104736},"size":29.38038444519043,"orthographic":false}