{"cameraMode":{"drawMode":0,"name":"Shaded","section":"Shading Mode"},"sceneLighting":true,"audioPlay":false,"sceneViewState":{"m_AlwaysRefresh":false,"showFog":true,"showSkybox":true,"showFlares":true,"showImageEffects":true,"showParticleSystems":true,"showVisualEffectGraphs":true,"m_FxEnabled":true},"in2DMode":false,"pivot":{"x":-31.571056365966798,"y":-2.969029426574707,"z":-5.070237159729004},"rotation":{"x":0.280574768781662,"y":0.0057589407078921799,"z":-0.0016834704438224435,"w":0.9598137736320496},"size":35.29215621948242,"orthographic":false}