{"cameraMode":{"drawMode":0,"name":"Shaded","section":"Shading Mode"},"sceneLighting":true,"audioPlay":false,"sceneViewState":{"m_AlwaysRefresh":false,"showFog":true,"showSkybox":true,"showFlares":true,"showImageEffects":true,"showParticleSystems":true,"showVisualEffectGraphs":true,"m_FxEnabled":true},"in2DMode":false,"pivot":{"x":34.676753997802737,"y":-21.190101623535158,"z":-18.771120071411134},"rotation":{"x":-0.02410813607275486,"y":0.9420244693756104,"z":-0.32741066813468935,"w":-0.06936371326446533},"size":55.27577209472656,"orthographic":false}