{"cameraMode":{"drawMode":0,"name":"Shaded","section":"Shading Mode"},"sceneLighting":true,"audioPlay":false,"sceneViewState":{"m_AlwaysRefresh":false,"showFog":true,"showSkybox":true,"showFlares":true,"showImageEffects":true,"showParticleSystems":true,"showVisualEffectGraphs":true,"m_FxEnabled":true},"in2DMode":false,"pivot":{"x":-31.039993286132814,"y":-5.663553237915039,"z":-16.85688018798828},"rotation":{"x":-0.28390994668006899,"y":-0.028476297855377198,"z":0.008435693569481373,"w":-0.9583911299705505},"size":21.17479133605957,"orthographic":false}