{"cameraMode":{"drawMode":0,"name":"Shaded","section":"Shading Mode"},"sceneLighting":true,"audioPlay":false,"sceneViewState":{"m_AlwaysRefresh":false,"showFog":true,"showSkybox":true,"showFlares":true,"showImageEffects":true,"showParticleSystems":true,"showVisualEffectGraphs":true,"m_FxEnabled":true},"in2DMode":false,"pivot":{"x":-1.4113928079605103,"y":-9.93492317199707,"z":-2.911501884460449},"rotation":{"x":-0.3721354603767395,"y":-0.0022301431745290758,"z":0.0008941483683884144,"w":-0.9281758666038513},"size":41.04564666748047,"orthographic":false}