{"cameraMode":{"drawMode":0,"name":"Shaded","section":"Shading Mode"},"sceneLighting":true,"audioPlay":false,"sceneViewState":{"m_AlwaysRefresh":false,"showFog":true,"showSkybox":true,"showFlares":true,"showImageEffects":true,"showParticleSystems":true,"showVisualEffectGraphs":true,"m_FxEnabled":true},"in2DMode":false,"pivot":{"x":-27.93086814880371,"y":2.9814302921295168,"z":-7.671873569488525},"rotation":{"x":-0.20844367146492005,"y":0.014661350287497044,"z":-0.0030813023913651706,"w":-0.9779462814331055},"size":20.09366226196289,"orthographic":false}