{"cameraMode":{"drawMode":0,"name":"Shaded","section":"Shading Mode"},"sceneLighting":true,"audioPlay":false,"sceneViewState":{"m_AlwaysRefresh":false,"showFog":true,"showSkybox":true,"showFlares":true,"showImageEffects":true,"showParticleSystems":true,"showVisualEffectGraphs":true,"m_FxEnabled":true},"in2DMode":false,"pivot":{"x":-38.50502014160156,"y":-10.393299102783204,"z":14.487146377563477},"rotation":{"x":-0.32433634996414187,"y":-0.0008539297850802541,"z":0.0002927167806774378,"w":-0.9459428191184998},"size":35.97545623779297,"orthographic":false}