{"cameraMode":{"drawMode":0,"name":"Shaded","section":"Shading Mode"},"sceneLighting":true,"audioPlay":false,"sceneViewState":{"m_AlwaysRefresh":false,"showFog":true,"showSkybox":true,"showFlares":true,"showImageEffects":true,"showParticleSystems":true,"showVisualEffectGraphs":true,"m_FxEnabled":true},"in2DMode":false,"pivot":{"x":31.255767822265626,"y":0.6073675155639648,"z":4.398565769195557},"rotation":{"x":0.5873652100563049,"y":0.013352259993553162,"z":-0.00969240814447403,"w":0.8091539144515991},"size":33.99940872192383,"orthographic":false}