{"cameraMode":{"drawMode":0,"name":"Shaded","section":"Shading Mode"},"sceneLighting":true,"audioPlay":false,"sceneViewState":{"m_AlwaysRefresh":false,"showFog":true,"showSkybox":true,"showFlares":true,"showImageEffects":true,"showParticleSystems":true,"showVisualEffectGraphs":true,"m_FxEnabled":true},"in2DMode":false,"pivot":{"x":-51.87285232543945,"y":14.205780982971192,"z":-17.512235641479493},"rotation":{"x":0.4849761724472046,"y":0.013116956688463688,"z":-0.007275217212736607,"w":0.8743988871574402},"size":26.427200317382814,"orthographic":false}